_id,name,email,password,wallet,followerCount
61dcc2c8d361512f04e16f27,Kristine Harber,Ettie.Stiedemann@hotmail.com,eternal123,0x68dec7160b3bbfdcea34783fcbcdb0a38fdf01a5,1
61dcc2c8d361512f04e16f2a,Rudolph Swift,Gail66@yahoo.com,eternal123,0xad66ca9bf772faf52facde3ebddbccbae99dffdf,1
61dcc2c8d361512f04e16f24,Mr. Darryl Weber,Bettye16@hotmail.com,eternal123,0xfac4d9d1af679a94ca8ba38d62e644e642e4485e,1
61dcc2c8d361512f04e16f29,Louise Batz,Lucas74@yahoo.com,eternal123,0xdeffb62a2ba5feeddb33ef81e53d6ef808336630,1
61dcc2c8d361512f04e16f25,Brittany Toy,Kennith.Skiles72@gmail.com,eternal123,0xc88fde470aedcbcfeafbe381c88f2c1f804d9394,1
61dcc2c8d361512f04e16f2c,Richard Lang,Ashlynn14@gmail.com,eternal123,0xaf14d024d6ad5dc6f7a5fcbf06565bcc8db17fec,1
61dcc2c8d361512f04e16f2b,Jo Hamill,Clair67@yahoo.com,eternal123,0xbaec4eedcc18939255cadd53f9fd5fa43de4e8da,1
61dcc2c8d361512f04e16f28,Nellie Schamberger Jr.,Arch12@yahoo.com,eternal123,0xb3edbac37332ec644b1da55b7acfbda7ba8d7f0c,1
61dcc2c8d361512f04e16f23,Alfredo Schroeder,Amya.Gleichner61@yahoo.com,eternal123,0x4acbe72ceecea38eefdbbfc2034ad634f8b426e8,1
61dcc2c8d361512f04e16f26,Dallas Streich,Dudley_OKeefe70@hotmail.com,eternal123,0x1f4f180d34d0edd37d506d3a8f1febee3152aa2d,1
